archivo,codigo,persona_id,tipo,sexo,nacimiento,talla,kit,inicio_utc,duplicado_exacto,obs_paciente,obs_prueba
20260208022404_temp_BV.json,BV,P01,SIN_ETIQUETA,,05/02/2026,,base,2026-02-08 02:24:03,False,,
20260303043120_temp_N.json,N,P02,SIN_ETIQUETA,,02/03/2026,155,base,2026-03-03 04:31:19,False,,
20260303043532_temp_BO.json,BO,P02,SIN_ETIQUETA,,02/03/2026,155,base,2026-03-03 04:35:31,False,,
20260303044505_temp_BX.json,BX,P02,SIN_ETIQUETA,,02/03/2026,155,base,2026-03-03 04:45:05,False,,
20260303134630_temp_BJ.json,BJ,P02,SIN_ETIQUETA,,02/03/2026,155,base,2026-03-03 13:46:28,False,,
20260307234249_temp_F.json,F,P03,SIN_ETIQUETA,,02/12/2004,183,base,2026-03-07 23:42:30,False,Test,
20260308232420_temp_AX.json,AX,P04,SIN_ETIQUETA,,28/11/2019,155,base,2026-03-08 23:23:46,False,,
20260611235032_temp_AL.json,AL,P05,CONTROL,FEMALE,10/02/2003,155,base,2026-06-11 23:50:03,False,,
20260618075259_temp_BC.json,BC,P05,CONTROL,FEMALE,10/02/2003,156,K1,2026-06-18 07:52:44,False,control,
20260625140746_temp_BF.json,BF,P06,PATIENT,MALE,12/09/1955,173,base,2026-06-25 14:06:19,False,paciente DBS,
20260625140851_temp_AR.json,AR,P06,PATIENT,MALE,12/09/1955,173,base,2026-06-25 14:07:54,False,paciente DBS,
20260625144044_temp_D.json,D,P07,PATIENT,MALE,25/12/1965,160,base,2026-06-25 14:38:59,False,,
20260625145018_temp_AB.json,AB,P08,PATIENT,MALE,12/02/2026,180,base,2026-06-25 14:49:24,False,Paciente,
20260625150353_temp_AK.json,AK,P09,PATIENT,MALE,22/12/1948,166,base,2026-06-25 15:02:19,False,paciente amantadina 7am,
20260625152019_temp_AA.json,AA,P10,PATIENT,MALE,24/10/1963,175,base,2026-06-25 15:19:18,False,"paciente 2016, levodopa y amantadina 6am",
20260625153756_temp_V.json,V,P11,PATIENT,MALE,26/10/1960,177,base,2026-06-25 15:36:33,False,Paciente levodopa 8am,
20260625164351_temp_A.json,A,P12,PATIENT,FEMALE,16/11/1962,153,base,2026-06-25 16:42:13,False,,paciente
20260625171352_temp_BW.json,BW,P13,PATIENT,MALE,03/08/1960,170,base,2026-06-25 17:11:39,False,,paciente en on toma 10am
20260625180613_temp_AG.json,AG,P14,CONTROL,MALE,11/11/1955,165,base,2026-06-25 18:04:44,False,,
20260625183434_temp_BK.json,BK,P15,PATIENT,MALE,30/12/1957,160,base,2026-06-25 18:32:43,False,paciente levodopa 2pm,
20260625193811_temp_BD.json,BD,P16,PATIENT,MALE,16/09/1949,185,base,2026-06-25 19:36:58,False,paciente,
20260625195406_temp_BR.json,BR,P17,PATIENT,MALE,29/03/1958,150,base,2026-06-25 19:51:46,False,DBS,dbs
20260625195426_temp_AP.json,AP,P17,PATIENT,MALE,29/03/1958,150,base,2026-06-25 19:54:10,False,DBS,
20260625204358_temp_BN.json,BN,P18,PATIENT,MALE,31/01/1964,170,base,2026-06-25 20:42:52,False,"paciente, levodopa. estado off. toma a las 3pm",
20260625212453_temp_G.json,G,P19,PATIENT,MALE,27/03/1954,165,base,2026-06-25 21:23:38,False,"paciente levodopa, dosis a las 3pm. estado on",
20260625214451_temp_BH.json,BH,P20,PATIENT,MALE,30/11/1969,173,K1,2026-06-25 20:13:35,False,paciente amantadina.,
20260625214518_temp_S.json,S,P20,PATIENT,MALE,30/11/1969,173,K1,2026-06-25 20:16:06,False,paciente amantadina.,
20260625215046_temp_X.json,X,P21,PATIENT,MALE,21/01/1962,168,K1,2026-06-25 21:49:31,False,"levodopa. 10am, estado on",
20260626133915_temp_BA.json,BA,P22,PATIENT,MALE,01/05/1953,167,K1,2026-06-25 22:55:59,False,paciente levodopa 5pm,
20260626133916_temp_BA.json,BA,P22,PATIENT,MALE,01/05/1953,167,K1,2026-06-25 22:55:59,True,paciente levodopa 5pm,
20260626141246_temp_AC.json,AC,P23,PATIENT,FEMALE,09/04/1952,148,base,2026-06-26 14:11:42,False,"paciente. amantadina, 4.30am",
20260626144433_temp_AV.json,AV,P24,PATIENT,MALE,04/06/1947,165,base,2026-06-26 14:43:00,False,paciente. levodopa 8:30,
20260626145512_temp_AO.json,AO,P25,PATIENT,FEMALE,24/07/1953,166,K1,2026-06-26 14:53:43,False,levodopa. 7am,
20260626150532_temp_M.json,M,P26,PATIENT,FEMALE,31/01/1946,172,base,2026-06-26 15:03:48,False,levodopa. 9pm día anterior,
20260626151711_temp_BQ.json,BQ,P27,PATIENT,FEMALE,12/02/1976,154,K1,2026-06-26 15:15:48,False,"levodopa, 8am",
20260626152553_temp_U.json,U,P28,PATIENT,MALE,03/07/1979,170,base,2026-06-26 15:25:04,False,"paciente, diagnosticado ayer",
20260626153637_temp_AJ.json,AJ,P29,PATIENT,FEMALE,22/11/1961,162,base,2026-06-26 15:35:39,False,paciente. levodopa 10am,
20260626154758_temp_O.json,O,P30,PATIENT,FEMALE,20/10/1953,163,base,2026-06-26 15:46:43,False,"paciente, levodopa. 10am",
20260626160554_temp_BU.json,BU,P31,PATIENT,FEMALE,23/05/1959,158,base,2026-06-26 16:04:24,False,"Dbs, paciente. levodopa 9am.",
20260626160620_temp_K.json,K,P31,PATIENT,FEMALE,23/05/1959,158,base,2026-06-26 16:05:55,False,"Dbs, paciente. levodopa 9am.",
20260626170623_temp_BT.json,BT,P32,PATIENT,MALE,23/06/1955,166,K1,2026-06-26 17:04:37,False,paciente. No medicado,
20260626170733_temp_AZ.json,AZ,P32,PATIENT,MALE,23/06/1955,166,K1,2026-06-26 17:06:53,False,paciente. No medicado,dual task resta de 30
20260626170919_temp_J.json,J,P32,PATIENT,MALE,23/06/1955,166,K1,2026-06-26 17:08:58,False,paciente. No medicado,dual task desde 30 menos 3
20260626170956_temp_AQ.json,AQ,P32,PATIENT,MALE,23/06/1955,166,K1,2026-06-26 17:09:37,False,paciente. No medicado,ciudades dual task
20260626194407_temp_BM.json,BM,P33,PATIENT,FEMALE,05/10/1949,150,K1,2026-06-26 19:43:07,False,"paciente, no toma levodopa.",
20260626202515_temp_BS.json,BS,P34,PATIENT,MALE,21/02/1957,157,K1,2026-06-26 20:22:35,False,"paciente, levodopa, amantadina. 10am levo",
20260626204728_temp_AW.json,AW,P35,PATIENT,MALE,28/09/1960,171,K1,2026-06-26 20:46:42,False,"levodopa, 10am, siguiente 4pm",
20260626211937_temp_AH.json,AH,P36,PATIENT,MALE,30/09/1958,165,K1,2026-06-26 21:18:37,False,"paciente, amantadina, viperidel. tomado 12m",
20260626213214_temp_AT.json,AT,P37,PATIENT,FEMALE,06/12/1963,163,K1,2026-06-26 21:31:18,False,"levodopa, 3pm, media de 250mg",
20260626215053_temp_AE.json,AE,P38,PATIENT,FEMALE,06/01/1969,157,K1,2026-06-26 21:49:58,False,"paciente. no toma levodopa, tenía stalevo y amantadina.",
20260626222007_temp_BL.json,BL,P39,PATIENT,MALE,24/12/1966,173,K1,2026-06-26 22:18:47,False,"levodopa, amantadina, mirapex. 2pm levo",
20260627133637_temp_AS.json,AS,P40,PATIENT,MALE,28/06/1950,167,K1,2026-06-27 13:35:40,False,"paciente, levodopa 7am",
20260627135010_temp_BP.json,BP,P41,PATIENT,MALE,28/03/1982,170,base,2026-06-27 13:47:37,False,"paciente levodopa, amantadina. 9am",
20260627135720_temp_AD.json,AD,P42,PATIENT,MALE,24/12/1972,165,K1,2026-06-27 13:55:54,False,"paciente, levodopa 6am.",
20260627143518_temp_BB.json,BB,P43,PATIENT,MALE,03/05/1958,175,K1,2026-06-27 14:34:21,False,"paciente, no medicado.",
20260627150939_temp_R.json,R,P44,PATIENT,FEMALE,30/01/1974,160,K1,2026-06-27 15:08:47,False,paciente. levodopa 6am,
20260627152358_temp_W.json,W,P45,PATIENT,MALE,18/01/1968,170,K1,2026-06-27 15:23:02,False,"amantadina, vipiridene. 5am, 9am",
20260627155804_temp_I.json,I,P46,PATIENT,MALE,26/07/1967,175,K1,2026-06-27 15:57:15,False,"paciente, levodopa 8am",
20260627161148_temp_Q.json,Q,P47,PATIENT,MALE,25/12/1971,165,base,2026-06-27 16:10:39,False,"levodopa, 8am",
20260627162118_temp_AU.json,AU,P48,PATIENT,MALE,04/04/1954,182,K1,2026-06-27 16:19:41,False,"paciente, levodopa 125, 10am",dbs activo
20260627163836_temp_L.json,L,P49,PATIENT,MALE,23/08/1954,179,base,2026-06-27 16:37:29,False,"paciente, no levodopa. DBS dos electrodos",
20260627171353_temp_H.json,H,P50,PATIENT,MALE,11/10/1976,175,K1,2026-06-27 17:13:05,False,"levodopa, 10am",
20260627180847_temp_AI.json,AI,P51,PATIENT,FEMALE,04/12/1954,153,K1,2026-06-27 18:06:45,False,"levodopa, 11am",
20260627205326_temp_C.json,C,P52,PATIENT,FEMALE,17/02/1979,153,K1,2026-06-27 20:52:35,False,"paciente, 3:30pm",
20260704154505_temp_AF.json,AF,P53,PATIENT,MALE,28/03/1963,173,base,2026-07-04 15:44:08,False,"paciente, levodopa 6:30am",
20260704155929_temp_BE.json,BE,P54,PATIENT,MALE,28/05/1963,163,base,2026-07-04 15:58:15,False,"paciente, levodopa, 6am",
20260704165749_temp_E.json,E,P55,PATIENT,MALE,17/12/1985,180,base,2026-07-04 16:56:59,False,,
20260704172020_temp_Y.json,Y,P56,PATIENT,MALE,21/09/1968,170,base,2026-07-04 17:19:11,False,Por confirmar,
20260704194015_temp_AY.json,AY,P57,CONTROL,FEMALE,23/06/1965,165,base,2026-07-04 19:00:00,False,,
20260704194635_temp_BG.json,BG,P58,PATIENT,MALE,19/10/1971,175,base,2026-07-04 19:44:43,False,"paciente, levodopa 6am",
20260715052203_temp_B.json,B,P59,CONTROL,FEMALE,03/07/1962,147,K1,2026-07-04 14:50:22,False,Control,
20260820141830_temp_AM.json,AM,P60,PATIENT,MALE,04/04/1960,158,K1,2026-07-04 15:50:31,False,,
20260820141849_temp_P.json,P,P61,CONTROL,FEMALE,03/02/1962,159,K1,2026-07-04 16:14:25,False,,
20260820141919_temp_BI.json,BI,P62,PATIENT,FEMALE,18/04/1964,160,K1,2026-07-04 16:50:45,False,Por confirmar,
20260820142005_temp_Z.json,Z,P63,PATIENT,MALE,14/01/1943,160,K1,2026-07-04 17:49:13,False,Levodopa Día anterior 12 pm,
20260820142006_temp_Z.json,Z,P63,PATIENT,MALE,14/01/1943,160,K1,2026-07-04 17:49:13,True,Levodopa Día anterior 12 pm,
20260820142037_temp_T.json,T,P64,CONTROL,FEMALE,11/08/1956,150,K1,2026-07-04 18:08:52,False,,
20260820142101_temp_AN.json,AN,P65,CONTROL,FEMALE,08/11/1963,158,K1,2026-07-04 18:49:43,False,Por confirmar diagnóstico,
